drug,n_total,n_young,n_old,n_death_young,n_death_old,rate_death_young,rate_death_old,age_ratio,ci_lower,ci_upper
DUPILUMAB,20777,6557,631,6,49,0.0009,0.0777,84.86,36.5,197.32
TOLVAPTAN,542,215,11,1,6,0.0047,0.5455,117.27,15.43,891.58
VEDOLIZUMAB,3531,1322,88,11,21,0.0083,0.2386,28.68,14.29,57.57
RISANKIZUMAB-RZAA,3359,668,76,8,17,0.012,0.2237,18.68,8.34,41.82
UPADACITINIB,2776,533,59,8,16,0.015,0.2712,18.07,8.08,40.41
INFLIXIMAB-DYYB,299,140,5,1,2,0.0071,0.4,56,6.03,520.06
ONABOTULINUMTOXINA,218,63,7,2,5,0.0317,0.7143,22.5,5.32,95.16
METRONIDAZOLE,168,63,6,2,4,0.0317,0.6667,21,4.8,91.93
CLOZAPINE,886,348,9,30,6,0.0862,0.6667,7.73,4.35,13.74
RAVULIZUMAB-CWVZ,141,35,4,1,3,0.0286,0.75,26.25,3.51,196.49
HUMAN IMMUNOGLOBULIN G,1251,230,40,13,15,0.0565,0.375,6.63,3.42,12.87
TIRZEPATIDE,12890,2366,75,9,3,0.0038,0.04,10.52,2.91,38.06
APREMILAST,354,72,8,4,4,0.0556,0.5,9,2.77,29.23
AVACOPAN,560,51,31,1,12,0.0196,0.3871,19.74,2.7,144.51
BENRALIZUMAB,375,33,18,2,10,0.0606,0.5556,9.17,2.25,37.37
EMICIZUMAB-KXWH,233,158,4,2,1,0.0127,0.25,19.75,2.22,175.73
INTERFERON BETA-1A,281,48,2,1,1,0.0208,0.5,24,2.21,260.3
RIBOCICLIB SUCCINATE,343,41,8,4,5,0.0976,0.625,6.41,2.19,18.76
OMEPRAZOLE,262,58,18,2,6,0.0345,0.3333,9.67,2.13,43.78
MYCOPHENOLATE MOFETIL,882,281,18,35,8,0.1246,0.4444,3.57,1.95,6.52
TADALAFIL,258,62,8,3,3,0.0484,0.375,7.75,1.87,32.09
INFLIXIMAB,1826,798,17,13,2,0.0163,0.1176,7.22,1.76,29.55
METHOTREXATE SODIUM,412,90,10,4,3,0.0444,0.3,6.75,1.76,25.96
APIXABAN,1273,80,210,3,43,0.0375,0.2048,5.46,1.74,17.1
ABEMACICLIB,816,97,11,1,2,0.0103,0.1818,17.64,1.74,179.12
TRAMADOL,250,127,9,28,6,0.2205,0.6667,3.02,1.72,5.33
LEVOTHYROXINE SODIUM,309,27,30,2,15,0.0741,0.5,6.75,1.7,26.85
OLAPARIB,207,20,9,2,6,0.1,0.6667,6.67,1.65,26.86
DEUTETRABENAZINE,267,28,12,2,6,0.0714,0.5,7,1.64,29.85
TACROLIMUS,795,192,8,16,3,0.0833,0.375,4.5,1.64,12.36
GOLIMUMAB,697,114,14,1,2,0.0088,0.1429,16.29,1.58,168.3
CAPECITABINE,343,32,5,4,3,0.125,0.6,4.8,1.5,15.36
PEMBROLIZUMAB,1962,147,76,13,19,0.0884,0.25,2.83,1.48,5.41
AMBRISENTAN,120,17,7,4,6,0.2353,0.8571,3.64,1.47,9.04
RAVULIZUMAB,142,40,5,2,2,0.05,0.4,8,1.42,44.92
LENALIDOMIDE,4203,79,345,2,50,0.0253,0.1449,5.72,1.42,23.03
ERENUMAB-AOOE,319,118,4,33,3,0.2797,0.75,2.68,1.42,5.06
COLCHICINE,109,40,4,10,3,0.25,0.75,3,1.38,6.54
DICLOFENAC,189,78,9,30,7,0.3846,0.7778,2.02,1.29,3.17
LANSOPRAZOLE,161,25,16,1,6,0.04,0.375,9.38,1.24,70.81
ADALIMUMAB,1479,467,18,65,6,0.1392,0.3333,2.39,1.2,4.78
SECUKINUMAB,755,319,11,134,8,0.4201,0.7273,1.73,1.18,2.54
ACYCLOVIR,84,15,7,3,5,0.2,0.7143,3.57,1.17,10.89
DAPAGLIFLOZIN,577,16,79,2,42,0.125,0.5316,4.25,1.14,15.81
METHYLPREDNISOLONE,175,47,4,6,2,0.1277,0.5,3.92,1.14,13.43
IOPROMIDE,119,31,2,2,1,0.0645,0.5,7.75,1.13,53.29
FENOFIBRATE,61,10,4,1,3,0.1,0.75,7.5,1.07,52.38
OSIMERTINIB,477,23,40,7,25,0.3043,0.625,2.05,1.06,3.98
ZOLEDRONIC ACID,411,33,38,1,9,0.0303,0.2368,7.82,1.04,58.49
AMOXICILLIN,257,55,18,1,3,0.0182,0.1667,9.17,1.02,82.71
DENOSUMAB,495,26,83,4,33,0.1538,0.3976,2.58,1.01,6.61
TOFACITINIB CITRATE,770,58,12,1,2,0.0172,0.1667,9.67,0.95,98.23
ECULIZUMAB,165,71,3,4,1,0.0563,0.3333,5.92,0.92,38.09
VERAPAMIL HYDROCHLORIDE,71,23,7,14,6,0.6087,0.8571,1.41,0.9,2.2
ACETAMINOPHEN,1719,571,80,262,41,0.4588,0.5125,1.12,0.89,1.41
RIPRETINIB,939,50,55,3,10,0.06,0.1818,3.03,0.88,10.39
RUXOLITINIB,1128,94,127,8,20,0.0851,0.1575,1.85,0.85,4.02
ETANERCEPT,548,61,26,6,6,0.0984,0.2308,2.35,0.83,6.6
RIOCIGUAT,141,18,7,2,3,0.1111,0.4286,3.86,0.81,18.39
PALBOCICLIB,693,27,49,2,12,0.0741,0.2449,3.31,0.8,13.7
FLUOXETINE HYDROCHLORIDE,247,150,7,16,2,0.1067,0.2857,2.68,0.76,9.44
MEPOLIZUMAB,520,45,26,6,7,0.1333,0.2692,2.02,0.76,5.37
ABATACEPT,1765,213,51,21,8,0.0986,0.1569,1.59,0.75,3.38
METFORMIN HYDROCHLORIDE,1063,120,59,35,20,0.2917,0.339,1.16,0.74,1.83
NAPROXEN SODIUM,80,29,7,16,5,0.5517,0.7143,1.29,0.73,2.29
INSULIN GLARGINE,2166,161,115,3,6,0.0186,0.0522,2.8,0.71,10.97
PREDNISOLONE,410,132,20,14,4,0.1061,0.2,1.89,0.69,5.16
RIVAROXABAN,449,31,55,1,9,0.0323,0.1636,5.07,0.67,38.19
NIVOLUMAB,951,83,26,19,8,0.2289,0.3077,1.34,0.67,2.7
FOSTAMATINIB DISODIUM,50,5,5,1,4,0.2,0.8,4,0.66,24.37
IBUPROFEN,744,354,25,63,6,0.178,0.24,1.35,0.65,2.81
PANTOPRAZOLE,279,62,16,13,5,0.2097,0.3125,1.49,0.62,3.57
DARBEPOETIN ALFA,88,10,10,4,6,0.4,0.6,1.5,0.6,3.74
ALPRAZOLAM,310,172,11,46,4,0.2674,0.3636,1.36,0.6,3.09
OXYCODONE HYDROCHLORIDE,464,217,12,77,5,0.3548,0.4167,1.17,0.59,2.35
LORLATINIB,291,53,5,11,2,0.2075,0.4,1.93,0.58,6.37
HYDROCORTISONE,118,40,5,8,2,0.2,0.4,2,0.58,6.91
RISPERIDONE,351,161,19,14,3,0.087,0.1579,1.82,0.57,5.75
DURVALUMAB,500,20,7,9,4,0.45,0.5714,1.27,0.57,2.84
AVIBACTAM SODIUM\CEFTAZIDIME,46,7,6,3,4,0.4286,0.6667,1.56,0.56,4.34
RITUXIMAB,1429,381,23,89,6,0.2336,0.2609,1.12,0.55,2.28
FULVESTRANT,226,13,14,2,5,0.1538,0.3571,2.32,0.54,9.95
CITALOPRAM,162,81,3,9,1,0.1111,0.3333,3,0.54,16.67
TRASTUZUMAB,447,95,4,7,1,0.0737,0.25,3.39,0.54,21.39
IMATINIB MESYLATE,148,30,6,20,4,0.6667,0.6667,1,0.54,1.86
LIDOCAINE,175,79,9,30,4,0.3797,0.4444,1.17,0.53,2.56
ESOMEPRAZOLE,112,27,4,1,1,0.037,0.25,6.75,0.52,87.78
DEXAMETHASONE,558,106,20,22,5,0.2075,0.25,1.2,0.52,2.81
AZTREONAM LYSINE,50,21,2,4,1,0.1905,0.5,2.63,0.51,13.57
LEFLUNOMIDE,82,22,3,12,2,0.5455,0.6667,1.22,0.5,2.97
VENETOCLAX,982,49,42,13,11,0.2653,0.2619,0.99,0.5,1.97
ADO-TRASTUZUMAB EMTANSINE,49,10,2,1,1,0.1,0.5,5,0.49,50.83
CIPROFLOXACIN,325,94,19,9,3,0.0957,0.1579,1.65,0.49,5.53
AMLODIPINE BESYLATE,762,106,59,21,11,0.1981,0.1864,0.94,0.49,1.81
POMALIDOMIDE,2117,34,194,1,19,0.0294,0.0979,3.33,0.46,24.06
RIFAXIMIN,282,28,5,7,2,0.25,0.4,1.6,0.46,5.59
DIGOXIN,28,3,5,1,4,0.3333,0.8,2.4,0.46,12.61
TREPROSTINIL,895,124,27,9,3,0.0726,0.1111,1.53,0.44,5.28
IPILIMUMAB,497,22,21,7,7,0.3182,0.3333,1.05,0.44,2.48
FRUQUINTINIB,336,26,6,12,3,0.4615,0.5,1.08,0.44,2.67
METHOTREXATE,991,211,30,34,5,0.1611,0.1667,1.03,0.44,2.44
TOCILIZUMAB,505,88,31,38,10,0.4318,0.3226,0.75,0.43,1.31
CYCLOPHOSPHAMIDE,312,76,3,11,1,0.1447,0.3333,2.3,0.42,12.49
LINEZOLID,358,72,26,2,2,0.0278,0.0769,2.77,0.41,18.66
TEZEPELUMAB,124,25,3,3,1,0.12,0.3333,2.78,0.41,18.95
CARBIDOPA\LEVODOPA,1039,4,64,1,36,0.25,0.5625,2.25,0.41,12.45
PREDNISONE,945,238,32,28,4,0.1176,0.125,1.06,0.4,2.83
NINTEDANIB,519,7,37,1,13,0.1429,0.3514,2.46,0.38,15.9
TRAZODONE HYDROCHLORIDE,101,38,5,29,3,0.7632,0.6,0.79,0.38,1.64
LUSPATERCEPT-AAMT,69,3,14,1,9,0.3333,0.6429,1.93,0.37,10.01
HUMAN C1-ESTERASE INHIBITOR,199,106,6,7,1,0.066,0.1667,2.52,0.37,17.34
SERTRALINE HYDROCHLORIDE,632,340,42,10,2,0.0294,0.0476,1.62,0.37,7.14
EPCORITAMAB-BYSP,108,4,13,1,7,0.25,0.5385,2.15,0.37,12.65
CLONAZEPAM,100,43,3,7,1,0.1628,0.3333,2.05,0.36,11.64
HYDROMORPHONE HYDROCHLORIDE,52,17,3,2,1,0.1176,0.3333,2.83,0.36,22.3
SEMAGLUTIDE,2119,408,17,9,1,0.0221,0.0588,2.67,0.36,19.87
ATEZOLIZUMAB,556,21,13,10,5,0.4762,0.3846,0.81,0.36,1.84
ENCORAFENIB,281,19,13,3,3,0.1579,0.2308,1.46,0.35,6.15
EVEROLIMUS,149,31,4,3,1,0.0968,0.25,2.58,0.35,19.27
ASPIRIN,140,31,8,13,3,0.4194,0.375,0.89,0.33,2.4
AMIODARONE,191,11,17,1,4,0.0909,0.2353,2.59,0.33,20.22
VONOPRAZAN FUMARATE,343,34,20,1,2,0.0294,0.1,3.4,0.33,35.16
CERTOLIZUMAB PEGOL,926,419,9,22,1,0.0525,0.1111,2.12,0.32,14.04
TENAPANOR HYDROCHLORIDE,189,36,8,1,1,0.0278,0.125,4.5,0.31,64.58
PANITUMUMAB,146,11,3,1,1,0.0909,0.3333,3.67,0.31,42.93
DASATINIB,181,44,9,8,2,0.1818,0.2222,1.22,0.31,4.83
LAMOTRIGINE,278,173,3,38,1,0.2197,0.3333,1.52,0.3,7.71
MORPHINE SULFATE,193,79,8,43,3,0.5443,0.375,0.69,0.28,1.72
HYDROXYZINE HYDROCHLORIDE,101,50,2,22,1,0.44,0.5,1.14,0.27,4.7
CAPIVASERTIB,128,5,7,2,3,0.4,0.4286,1.07,0.27,4.23
PIRFENIDONE,120,2,14,1,8,0.5,0.5714,1.14,0.27,4.91
FENTANYL,137,65,10,13,2,0.2,0.2,1,0.26,3.79
BEVACIZUMAB,702,95,19,19,3,0.2,0.1579,0.79,0.26,2.4
ETHIODIZED OIL,190,29,6,2,1,0.069,0.1667,2.42,0.26,22.56
BOSUTINIB MONOHYDRATE,138,11,5,5,2,0.4545,0.4,0.88,0.25,3.08
DEXAMETHASONE SODIUM PHOSPHATE,119,27,4,4,1,0.1481,0.25,1.69,0.25,11.55
PACLITAXEL,637,84,6,9,1,0.1071,0.1667,1.56,0.23,10.32
TERIPARATIDE,200,3,9,1,4,0.3333,0.4444,1.33,0.23,7.74
VANCOMYCIN,298,83,14,3,1,0.0361,0.0714,1.98,0.22,17.68
SULFAMETHOXAZOLE\TRIMETHOPRIM,173,57,7,5,1,0.0877,0.1429,1.63,0.22,12.01
AVIBACTAM\AZTREONAM,26,3,4,2,2,0.6667,0.5,0.75,0.21,2.66
MEROPENEM,136,33,16,10,3,0.303,0.1875,0.62,0.2,1.94
DULOXETINE,110,30,8,2,1,0.0667,0.125,1.88,0.19,18.15
ESCITALOPRAM OXALATE,200,87,10,6,1,0.069,0.1,1.45,0.19,10.86
RIFAMPIN,80,17,5,2,1,0.1176,0.2,1.7,0.19,15.09
EVOLOCUMAB,992,30,54,1,3,0.0333,0.0556,1.67,0.18,15.33
ROSUVASTATIN,308,14,16,1,2,0.0714,0.125,1.75,0.18,17.3
METOPROLOL SUCCINATE,95,29,4,7,1,0.2414,0.25,1.04,0.17,6.37
POLATUZUMAB VEDOTIN-PIIQ,67,7,3,2,1,0.2857,0.3333,1.17,0.16,8.48
OCTREOTIDE,99,18,8,1,1,0.0556,0.125,2.25,0.16,31.65
OXYCODONE,119,39,3,16,1,0.4103,0.3333,0.81,0.16,4.21
EMPAGLIFLOZIN,408,31,38,1,2,0.0323,0.0526,1.63,0.16,17.16
MESALAMINE,141,66,11,5,1,0.0758,0.0909,1.2,0.15,9.32
FUROSEMIDE,244,26,59,3,4,0.1154,0.0678,0.59,0.14,2.44
OLANZAPINE,457,222,9,28,1,0.1261,0.1111,0.88,0.13,5.77
DABRAFENIB MESYLATE,49,4,3,1,1,0.25,0.3333,1.33,0.13,13.74
LETROZOLE,290,31,12,2,1,0.0645,0.0833,1.29,0.13,12.96
CALCIUM CHLORIDE\DEXTROSE\MAGNESIUM CHLORIDE\SODIUM CHLORIDE\SODIUM LACTATE,418,51,9,6,1,0.1176,0.1111,0.94,0.13,6.94
DULOXETINE HYDROCHLORIDE,113,27,6,5,1,0.1852,0.1667,0.9,0.13,6.37
TRIAMCINOLONE ACETONIDE,90,35,8,5,1,0.1429,0.125,0.88,0.12,6.5
TIPIRACIL HYDROCHLORIDE\TRIFLURIDINE,104,7,4,2,1,0.2857,0.25,0.88,0.11,6.88
.ALPHA.1-PROTEINASE INHIBITOR HUMAN,326,22,6,5,1,0.2273,0.1667,0.73,0.1,5.14
SPIRONOLACTONE,140,26,14,2,1,0.0769,0.0714,0.93,0.09,9.36
CARBOPLATIN,1113,86,24,5,1,0.0581,0.0417,0.72,0.09,5.85
MIRTAZAPINE,253,68,23,4,1,0.0588,0.0435,0.74,0.09,6.28
DAPTOMYCIN,230,34,17,3,1,0.0882,0.0588,0.67,0.07,5.94
ETANERCEPT-SZZS,61,26,4,20,1,0.7692,0.25,0.32,0.06,1.8
LEVOFLOXACIN,195,36,17,5,1,0.1389,0.0588,0.42,0.05,3.35
GABAPENTIN,592,144,13,34,1,0.2361,0.0769,0.33,0.05,2.19
PREGABALIN,498,202,33,18,1,0.0891,0.0303,0.34,0.05,2.46
LOPERAMIDE HYDROCHLORIDE,163,33,23,4,1,0.1212,0.0435,0.36,0.04,3.01
CANDESARTAN CILEXETIL,66,4,10,1,1,0.25,0.1,0.4,0.03,4.96
MIRABEGRON,59,4,12,1,1,0.25,0.0833,0.33,0.03,4.19
TENECTEPLASE,40,3,10,1,1,0.3333,0.1,0.3,0.03,3.49
TENOFOVIR ALAFENAMIDE,31,3,1,0,1,0,1,NULL,NULL,NULL
TENOFOVIR ALAFENAMIDE FUMARATE,18,3,1,0,0,0,0,NULL,NULL,NULL
TEPROTUMUMAB-TRBW,62,11,2,0,0,0,0,NULL,NULL,NULL
TISLELIZUMAB,693,40,5,0,0,0,0,NULL,NULL,NULL
TISLELIZUMAB-JSGR,22,1,2,1,1,1,0.5,0.5,NULL,NULL
TOBRAMYCIN,50,32,2,1,2,0.0313,1,32,NULL,NULL
TIRBANIBULIN,7,2,1,0,0,0,0,NULL,NULL,NULL
TOCILIZUMAB-AAZG,38,3,2,0,0,0,0,NULL,NULL,NULL
TOPIRAMATE,115,69,1,10,0,0.1449,0,NULL,NULL,NULL
TORSEMIDE,14,2,2,0,2,0,1,NULL,NULL,NULL
TRALOKINUMAB,12,4,1,1,0,0.25,0,NULL,NULL,NULL
TRALOKINUMAB-LDRM,426,145,15,0,2,0,0.1333,NULL,NULL,NULL
TRIMETHOPRIM,11,2,2,0,0,0,0,NULL,NULL,NULL
TRIPTORELIN,30,6,2,0,0,0,0,NULL,NULL,NULL
TRIPTORELIN PAMOATE,62,6,11,0,5,0,0.4545,NULL,NULL,NULL
TROPICAMIDE,2,1,1,0,0,0,0,NULL,NULL,NULL
TUCATINIB,183,23,3,2,0,0.087,0,NULL,NULL,NULL
UBROGEPANT,55,10,2,0,0,0,0,NULL,NULL,NULL
UNSPECIFIED INGREDIENT,28,9,2,0,0,0,0,NULL,NULL,NULL
TRAMADOL HYDROCHLORIDE,84,44,1,10,1,0.2273,1,4.4,NULL,NULL
TRANEXAMIC ACID,45,20,1,1,0,0.05,0,NULL,NULL,NULL
TREMELIMUMAB,23,2,1,2,1,1,1,1,NULL,NULL
TRASTUZUMAB DERUXTECAN,141,23,1,1,0,0.0435,0,NULL,NULL,NULL
TRASTUZUMAB-ANNS,10,2,1,0,0,0,0,NULL,NULL,NULL
SULFASALAZINE,38,18,1,0,0,0,0,NULL,NULL,NULL
SULFUR HEXAFLUORIDE,110,22,3,0,0,0,0,NULL,NULL,NULL
SUVOREXANT,28,7,2,0,0,0,0,NULL,NULL,NULL
SUZETRIGINE,120,20,4,0,1,0,0.25,NULL,NULL,NULL
TEZEPELUMAB-EKKO,150,25,3,0,0,0,0,NULL,NULL,NULL
THALIDOMIDE,99,16,8,0,4,0,0.5,NULL,NULL,NULL
"THYROID, PORCINE",21,2,2,0,0,0,0,NULL,NULL,NULL
TICAGRELOR,141,7,6,0,0,0,0,NULL,NULL,NULL
TIGECYCLINE,42,4,6,0,0,0,0,NULL,NULL,NULL
TILDRAKIZUMAB,44,9,1,1,0,0.1111,0,NULL,NULL,NULL
TIOPRONIN,27,8,1,0,0,0,0,NULL,NULL,NULL
TAFAMIDIS,231,1,96,0,52,0,0.5417,NULL,NULL,NULL
TAFASITAMAB,5,1,1,0,1,0,1,NULL,NULL,NULL
TALAZOPARIB TOSYLATE,31,3,2,2,0,0.6667,0,NULL,NULL,NULL
TALIGLUCERASE ALFA,12,10,1,0,0,0,0,NULL,NULL,NULL
TALQUETAMAB-TGVS,72,3,4,0,0,0,0,NULL,NULL,NULL
TAMSULOSIN,72,4,4,0,0,0,0,NULL,NULL,NULL
TAMSULOSIN HYDROCHLORIDE,87,7,15,0,4,0,0.2667,NULL,NULL,NULL
TAPINAROF,11,3,1,0,0,0,0,NULL,NULL,NULL
TARLATAMAB-DLLE,57,2,1,0,0,0,0,NULL,NULL,NULL
TAZEMETOSTAT,2,1,1,0,0,0,0,NULL,NULL,NULL
TAZEMETOSTAT HYDROBROMIDE,68,9,8,1,0,0.1111,0,NULL,NULL,NULL
TECLISTAMAB-CQYV,69,3,3,1,0,0.3333,0,NULL,NULL,NULL
TEDUGLUTIDE,352,62,5,4,0,0.0645,0,NULL,NULL,NULL
TELMISARTAN,35,5,6,0,4,0,0.6667,NULL,NULL,NULL
TELOTRISTAT ETHYL,12,1,2,0,0,0,0,NULL,NULL,NULL
TEMAZEPAM,8,1,1,1,1,1,1,1,NULL,NULL
TEMOZOLOMIDE,113,26,2,5,2,0.1923,1,5.2,NULL,NULL
VANCOMYCIN HYDROCHLORIDE,58,10,2,1,0,0.1,0,NULL,NULL,NULL
VARENICLINE TARTRATE,26,5,2,0,0,0,0,NULL,NULL,NULL
VELAGLUCERASE ALFA,39,13,2,0,1,0,0.5,NULL,NULL,NULL
VERICIGUAT,9,1,1,0,1,0,1,NULL,NULL,NULL
VIBEGRON,359,7,71,0,11,0,0.1549,NULL,NULL,NULL
VINCRISTINE SULFATE,20,1,1,0,0,0,0,NULL,NULL,NULL
VINORELBINE TARTRATE,11,1,1,0,0,0,0,NULL,NULL,NULL
VISMODEGIB,34,3,7,0,3,0,0.4286,NULL,NULL,NULL
VOCLOSPORIN,448,282,1,0,1,0,1,NULL,NULL,NULL
TREPROSTINIL SODIUM,78,7,4,0,2,0,0.5,NULL,NULL,NULL
TRETINOIN,17,5,2,0,0,0,0,NULL,NULL,NULL
TRIAMCINOLONE,20,4,1,0,0,0,0,NULL,NULL,NULL
USTEKINUMAB,446,156,7,2,0,0.0128,0,NULL,NULL,NULL
USTEKINUMAB-STBA,9,1,1,0,0,0,0,NULL,NULL,NULL
VADADUSTAT,9,1,3,0,3,0,1,NULL,NULL,NULL
VALACYCLOVIR HYDROCHLORIDE,138,27,10,1,0,0.037,0,NULL,NULL,NULL
VALSARTAN,75,4,12,0,0,0,0,NULL,NULL,NULL
VORICONAZOLE,173,24,4,8,0,0.3333,0,NULL,NULL,NULL
VORTIOXETINE,57,7,2,0,0,0,0,NULL,NULL,NULL
VORTIOXETINE HYDROBROMIDE,66,25,2,0,0,0,0,NULL,NULL,NULL
VUTRISIRAN,204,2,41,0,29,0,0.7073,NULL,NULL,NULL
WARFARIN,59,12,2,1,0,0.0833,0,NULL,NULL,NULL
WARFARIN SODIUM,38,3,2,0,0,0,0,NULL,NULL,NULL
ZANUBRUTINIB,108,2,17,0,1,0,0.0588,NULL,NULL,NULL
ZILUCOPLAN,97,24,7,0,1,0,0.1429,NULL,NULL,NULL
ZIPRASIDONE,6,2,1,1,0,0.5,0,NULL,NULL,NULL
ZOLBETUXIMAB,10,3,1,2,0,0.6667,0,NULL,NULL,NULL
ZOLBETUXIMAB-CLZB,96,6,1,0,0,0,0,NULL,NULL,NULL
VENLAFAXINE HYDROCHLORIDE,320,134,10,31,0,0.2313,0,NULL,NULL,NULL
ZOLPIDEM TARTRATE,253,96,23,12,0,0.125,0,NULL,NULL,NULL
ZONGERTINIB,13,1,1,0,0,0,0,NULL,NULL,NULL
METOPROLOL TARTRATE,23,5,1,1,0,0.2,0,NULL,NULL,NULL
MICAFUNGIN SODIUM,12,3,1,2,1,0.6667,1,1.5,NULL,NULL
MIDAZOLAM,51,22,1,1,0,0.0455,0,NULL,NULL,NULL
MINOCYCLINE HYDROCHLORIDE,27,10,2,1,0,0.1,0,NULL,NULL,NULL
MINOXIDIL,113,34,3,0,0,0,0,NULL,NULL,NULL
MIRVETUXIMAB SORAVTANSINE-GYNX,57,1,1,0,0,0,0,NULL,NULL,NULL
MOGAMULIZUMAB-KPKC,18,3,1,0,0,0,0,NULL,NULL,NULL
MOLNUPIRAVIR,28,4,6,0,2,0,0.3333,NULL,NULL,NULL
MOMETASONE,10,2,1,0,0,0,0,NULL,NULL,NULL
MONTELUKAST,112,72,1,2,0,0.0278,0,NULL,NULL,NULL
MONTELUKAST SODIUM,52,24,3,1,0,0.0417,0,NULL,NULL,NULL
MORPHINE,49,15,4,8,4,0.5333,1,1.88,NULL,NULL
METHOXY POLYETHYLENE GLYCOL-EPOETIN BETA,42,10,1,0,0,0,0,NULL,NULL,NULL
METHYLPREDNISOLONE ACETATE,19,3,1,0,0,0,0,NULL,NULL,NULL
METHYLPREDNISOLONE SODIUM SUCCINATE,146,41,3,2,0,0.0488,0,NULL,NULL,NULL
METOCLOPRAMIDE,27,12,1,2,0,0.1667,0,NULL,NULL,NULL
METOPROLOL,98,23,5,2,0,0.087,0,NULL,NULL,NULL
LOSARTAN,178,22,6,0,3,0,0.5,NULL,NULL,NULL
LOSARTAN POTASSIUM,28,1,3,0,0,0,0,NULL,NULL,NULL
LOTILANER,146,7,15,0,0,0,0,NULL,NULL,NULL
LUMATEPERONE,401,248,1,0,0,0,0,NULL,NULL,NULL
LURASIDONE HYDROCHLORIDE,31,15,3,3,0,0.2,0,NULL,NULL,NULL
LUSPATERCEPT,17,1,3,0,0,0,0,NULL,NULL,NULL
METFORMIN HYDROCHLORIDE\SITAGLIPTIN PHOSPHATE,27,1,1,0,0,0,0,NULL,NULL,NULL
METHENAMINE,3,1,2,0,0,0,0,NULL,NULL,NULL
METHENAMINE HIPPURATE,5,1,2,0,1,0,0.5,NULL,NULL,NULL
LORATADINE,57,9,5,1,0,0.1111,0,NULL,NULL,NULL
LORATADINE\PSEUDOEPHEDRINE SULFATE,10,2,1,0,0,0,0,NULL,NULL,NULL
LEVOKETOCONAZOLE,71,20,1,1,0,0.05,0,NULL,NULL,NULL
LEVOTHYROXINE,102,24,5,1,0,0.0417,0,NULL,NULL,NULL
LIRAGLUTIDE,420,95,3,1,0,0.0105,0,NULL,NULL,NULL
LISINOPRIL,171,16,4,0,1,0,0.25,NULL,NULL,NULL
LOPERAMIDE,41,13,2,1,0,0.0769,0,NULL,NULL,NULL
MACITENTAN,146,20,3,5,0,0.25,0,NULL,NULL,NULL
MACITENTAN\TADALAFIL,51,2,1,0,0,0,0,NULL,NULL,NULL
MAGNESIUM SULFATE,20,18,1,0,0,0,0,NULL,NULL,NULL
MARIBAVIR,309,61,1,15,1,0.2459,1,4.07,NULL,NULL
MAVACAMTEN,462,21,34,0,2,0,0.0588,NULL,NULL,NULL
MEDROXYPROGESTERONE,40,20,1,0,1,0,1,NULL,NULL,NULL
MEDROXYPROGESTERONE ACETATE,321,124,1,1,0,0.0081,0,NULL,NULL,NULL
MELOXICAM,39,4,4,0,0,0,0,NULL,NULL,NULL
MEMANTINE,30,1,14,0,3,0,0.2143,NULL,NULL,NULL
MENTHOL,39,7,1,1,0,0.1429,0,NULL,NULL,NULL
MEPERIDINE HYDROCHLORIDE,6,1,1,0,0,0,0,NULL,NULL,NULL
LEUCOVORIN\LEUCOVORIN CALCIUM,24,5,1,2,0,0.4,0,NULL,NULL,NULL
LEUPROLIDE,8,2,2,0,2,0,1,NULL,NULL,NULL
LEUPROLIDE ACETATE,335,21,51,0,29,0,0.5686,NULL,NULL,NULL
LEVALBUTEROL TARTRATE,98,22,5,0,0,0,0,NULL,NULL,NULL
LEVETIRACETAM,654,308,13,25,0,0.0812,0,NULL,NULL,NULL
LEVOCETIRIZINE DIHYDROCHLORIDE,13,6,1,0,0,0,0,NULL,NULL,NULL
LIDOCAINE HYDROCHLORIDE,29,10,2,6,0,0.6,0,NULL,NULL,NULL
LIFITEGRAST,56,4,2,0,0,0,0,NULL,NULL,NULL
LINACLOTIDE,104,4,7,0,1,0,0.1429,NULL,NULL,NULL
LINAGLIPTIN,37,3,6,0,0,0,0,NULL,NULL,NULL
LEMBOREXANT,21,3,4,0,0,0,0,NULL,NULL,NULL
LENVATINIB,485,12,10,1,0,0.0833,0,NULL,NULL,NULL
LATANOPROST,46,3,6,0,0,0,0,NULL,NULL,NULL
LAZERTINIB,38,1,1,0,0,0,0,NULL,NULL,NULL
LEBRIKIZUMAB-LBKZ,126,41,4,0,0,0,0,NULL,NULL,NULL
HYDROXYZINE PAMOATE,40,10,1,10,1,1,1,1,NULL,NULL
IBRUTINIB,477,6,47,0,19,0,0.4043,NULL,NULL,NULL
INSULIN GLARGINE-YFGN,36,4,3,0,0,0,0,NULL,NULL,NULL
INSULIN GLARGINE\LIXISENATIDE,91,5,1,0,0,0,0,NULL,NULL,NULL
INSULIN HUMAN,224,31,13,0,0,0,0,NULL,NULL,NULL
INSULIN LISPRO,715,80,41,0,2,0,0.0488,NULL,NULL,NULL
LANADELUMAB,108,33,2,0,1,0,0.5,NULL,NULL,NULL
LANREOTIDE ACETATE,144,20,4,5,4,0.25,1,4,NULL,NULL
IOVERSOL,41,4,1,0,0,0,0,NULL,NULL,NULL
IODIXANOL,58,11,2,0,1,0,0.5,NULL,NULL,NULL
IOHEXOL,121,25,4,2,0,0.08,0,NULL,NULL,NULL
IOMEPROL,52,9,2,0,0,0,0,NULL,NULL,NULL
IOPAMIDOL,82,17,3,0,0,0,0,NULL,NULL,NULL
IRBESARTAN,68,5,6,1,0,0.2,0,NULL,NULL,NULL
IRINOTECAN,85,9,3,1,0,0.1111,0,NULL,NULL,NULL
IRINOTECAN HYDROCHLORIDE,172,11,1,2,0,0.1818,0,NULL,NULL,NULL
IRON,5,2,1,0,0,0,0,NULL,NULL,NULL
IRON DEXTRAN,17,6,1,0,0,0,0,NULL,NULL,NULL
IRON SUCROSE,100,59,3,0,2,0,0.6667,NULL,NULL,NULL
ISATUXIMAB-IRFC,31,1,1,0,0,0,0,NULL,NULL,NULL
ISAVUCONAZONIUM SULFATE,81,18,2,2,0,0.1111,0,NULL,NULL,NULL
ISOTRETINOIN,246,228,1,1,0,0.0044,0,NULL,NULL,NULL
IVERMECTIN,35,15,1,1,1,0.0667,1,15,NULL,NULL
IXAZOMIB CITRATE,180,1,21,0,11,0,0.5238,NULL,NULL,NULL
IXEKIZUMAB,270,82,4,0,0,0,0,NULL,NULL,NULL
KETOCONAZOLE,44,8,4,0,0,0,0,NULL,NULL,NULL
KETOROLAC TROMETHAMINE,32,19,1,0,0,0,0,NULL,NULL,NULL
LACOSAMIDE,149,68,8,6,0,0.0882,0,NULL,NULL,NULL
HYDROXYCHLOROQUINE SULFATE,24,15,1,9,0,0.6,0,NULL,NULL,NULL
HYDROXYUREA,24,2,1,1,0,0.5,0,NULL,NULL,NULL
GOSERELIN ACETATE,5,1,1,0,0,0,0,NULL,NULL,NULL
GUANFACINE HYDROCHLORIDE,6,5,1,0,0,0,0,NULL,NULL,NULL
GUSELKUMAB,913,333,12,3,0,0.009,0,NULL,NULL,NULL
HALOPERIDOL,39,25,1,0,0,0,0,NULL,NULL,NULL
HEPARIN SODIUM,146,7,7,0,0,0,0,NULL,NULL,NULL
HUMAN IMMUNOGLOBULIN G-STWK,10,3,2,0,0,0,0,NULL,NULL,NULL
HUMAN IMMUNOGLOBULIN G\HYALURONIDASE (HUMAN RECOMBINANT),250,49,6,0,1,0,0.1667,NULL,NULL,NULL
HYALURONIDASE-ZZXF\PERTUZUMAB\TRASTUZUMAB,133,23,2,2,0,0.087,0,NULL,NULL,NULL
HYDRALAZINE HYDROCHLORIDE,86,4,10,0,1,0,0.1,NULL,NULL,NULL
HYDROCHLOROTHIAZIDE,66,7,6,0,0,0,0,NULL,NULL,NULL
HYDROCHLOROTHIAZIDE\TELMISARTAN,7,1,1,0,0,0,0,NULL,NULL,NULL
HYDROCODONE BITARTRATE,45,27,1,6,1,0.2222,1,4.5,NULL,NULL
IMIPENEM,22,2,3,0,0,0,0,NULL,NULL,NULL
IMIQUIMOD,10,3,1,0,0,0,0,NULL,NULL,NULL
INCLISIRAN SODIUM,226,5,5,2,0,0.4,0,NULL,NULL,NULL
INDOMETHACIN,5,1,1,0,0,0,0,NULL,NULL,NULL
ICOSAPENT ETHYL,100,1,3,0,1,0,0.3333,NULL,NULL,NULL
IDECABTAGENE VICLEUCEL,42,1,1,0,1,0,1,NULL,NULL,NULL
IMATINIB,128,24,4,2,0,0.0833,0,NULL,NULL,NULL
INFLIXIMAB-QBTX,327,89,5,0,1,0,0.2,NULL,NULL,NULL
INOTERSEN SODIUM,23,3,1,0,0,0,0,NULL,NULL,NULL
INSULIN ASPART,218,29,10,0,3,0,0.3,NULL,NULL,NULL
INSULIN ASPART\INSULIN DEGLUDEC,22,1,2,0,0,0,0,NULL,NULL,NULL
INSULIN DEGLUDEC,81,6,7,0,1,0,0.1429,NULL,NULL,NULL
INSULIN DEGLUDEC\LIRAGLUTIDE,24,2,2,0,0,0,0,NULL,NULL,NULL
INSULIN DETEMIR,33,6,1,0,0,0,0,NULL,NULL,NULL
PROGESTERONE,55,20,1,1,0,0.05,0,NULL,NULL,NULL
PROMETHAZINE HYDROCHLORIDE,10,6,1,2,0,0.3333,0,NULL,NULL,NULL
PROPOFOL,89,28,1,7,0,0.25,0,NULL,NULL,NULL
PROPRANOLOL HYDROCHLORIDE,84,29,1,7,1,0.2414,1,4.14,NULL,NULL
QUETIAPINE,403,174,11,13,0,0.0747,0,NULL,NULL,NULL
QUETIAPINE FUMARATE,173,94,2,11,0,0.117,0,NULL,NULL,NULL
RAMIPRIL,106,8,11,2,0,0.25,0,NULL,NULL,NULL
RAMUCIRUMAB,51,3,1,2,1,0.6667,1,1.5,NULL,NULL
RANIBIZUMAB,33,3,5,0,0,0,0,NULL,NULL,NULL
RANOLAZINE,21,1,1,0,0,0,0,NULL,NULL,NULL
RASBURICASE,11,2,2,0,0,0,0,NULL,NULL,NULL
PREDNISOLONE SODIUM PHOSPHATE,13,4,2,1,0,0.25,0,NULL,NULL,NULL
REGORAFENIB MONOHYDRATE,46,4,2,0,0,0,0,NULL,NULL,NULL
RELUGOLIX,610,3,78,0,4,0,0.0513,NULL,NULL,NULL
REPAGLINIDE,5,1,1,0,0,0,0,NULL,NULL,NULL
RESMETIROM,105,9,1,1,0,0.1111,0,NULL,NULL,NULL
REVUMENIB CITRATE,80,22,2,2,0,0.0909,0,NULL,NULL,NULL
RIBOCICLIB,122,21,1,0,0,0,0,NULL,NULL,NULL
RISANKIZUMAB,120,46,3,0,1,0,0.3333,NULL,NULL,NULL
RILUZOLE,11,1,1,1,0,1,0,NULL,NULL,NULL
RILZABRUTINIB,106,20,4,0,0,0,0,NULL,NULL,NULL
RIMEGEPANT SULFATE,40,15,1,0,0,0,0,NULL,NULL,NULL
RIVASTIGMINE,42,1,16,0,3,0,0.1875,NULL,NULL,NULL
ROCURONIUM BROMIDE,109,43,2,0,0,0,0,NULL,NULL,NULL
ROMIPLOSTIM,42,12,4,0,2,0,0.5,NULL,NULL,NULL
ROMOSOZUMAB,28,1,1,0,1,0,1,NULL,NULL,NULL
ROMOSOZUMAB-AQQG,233,1,42,0,5,0,0.119,NULL,NULL,NULL
ROPEGINTERFERON ALFA-2B-NJFT,28,6,2,0,0,0,0,NULL,NULL,NULL
ROPINIROLE,12,1,2,0,0,0,0,NULL,NULL,NULL
ROSUVASTATIN CALCIUM,201,2,11,0,1,0,0.0909,NULL,NULL,NULL
ROZANOLIXIZUMAB,61,16,4,0,0,0,0,NULL,NULL,NULL
ROZANOLIXIZUMAB-NOLI,42,6,1,0,0,0,0,NULL,NULL,NULL
RITUXIMAB-PVVR,310,58,9,0,3,0,0.3333,NULL,NULL,NULL
SACUBITRIL\VALSARTAN,249,14,52,0,5,0,0.0962,NULL,NULL,NULL
SALICYLIC ACID,5,1,1,0,0,0,0,NULL,NULL,NULL
SARILUMAB,746,63,16,1,0,0.0159,0,NULL,NULL,NULL
SEBETRALSTAT,79,34,3,0,0,0,0,NULL,NULL,NULL
SELADELPAR,75,3,1,0,0,0,0,NULL,NULL,NULL
SELEXIPAG,104,5,6,0,3,0,0.5,NULL,NULL,NULL
SELPERCATINIB,49,4,1,0,0,0,0,NULL,NULL,NULL
SILDENAFIL,114,38,2,3,2,0.0789,1,12.67,NULL,NULL
SILDENAFIL CITRATE,32,2,1,1,0,0.5,0,NULL,NULL,NULL
SIMVASTATIN,92,4,8,0,0,0,0,NULL,NULL,NULL
SIROLIMUS,37,8,1,0,1,0,1,NULL,NULL,NULL
SITAGLIPTIN,38,3,4,0,0,0,0,NULL,NULL,NULL
SITAGLIPTIN PHOSPHATE,43,1,9,0,2,0,0.2222,NULL,NULL,NULL
SODIUM CHLORIDE,109,26,4,0,1,0,0.25,NULL,NULL,NULL
SODIUM FLUORIDE,2,1,1,0,0,0,0,NULL,NULL,NULL
SODIUM ZIRCONIUM CYCLOSILICATE,50,1,14,0,10,0,0.7143,NULL,NULL,NULL
SOLIFENACIN SUCCINATE,22,2,2,0,0,0,0,NULL,NULL,NULL
SOLRIAMFETOL,18,9,2,0,0,0,0,NULL,NULL,NULL
SOMATROPIN,290,123,1,4,0,0.0325,0,NULL,NULL,NULL
SONIDEGIB,10,1,3,0,1,0,0.3333,NULL,NULL,NULL
SORAFENIB,34,7,1,0,1,0,1,NULL,NULL,NULL
SOTAGLIFLOZIN,16,1,6,0,3,0,0.5,NULL,NULL,NULL
SOTATERCEPT,76,22,2,3,2,0.1364,1,7.33,NULL,NULL
SOTATERCEPT-CSRK,182,41,1,3,0,0.0732,0,NULL,NULL,NULL
SPARSENTAN,727,301,1,0,0,0,0,NULL,NULL,NULL
OCTREOTIDE ACETATE,56,11,2,0,1,0,0.5,NULL,NULL,NULL
OLODATEROL HYDROCHLORIDE\TIOTROPIUM BROMIDE MONOHYDRATE,30,1,3,0,0,0,0,NULL,NULL,NULL
OLOPATADINE HYDROCHLORIDE,68,9,6,0,0,0,0,NULL,NULL,NULL
OLUTASIDENIB,7,1,1,1,1,1,1,1,NULL,NULL
OMADACYCLINE,29,5,2,0,1,0,0.5,NULL,NULL,NULL
OMALIZUMAB,775,306,10,0,5,0,0.5,NULL,NULL,NULL
OMAVELOXOLONE,134,83,1,4,0,0.0482,0,NULL,NULL,NULL
OXALIPLATIN,606,64,6,2,0,0.0313,0,NULL,NULL,NULL
OXCARBAZEPINE,53,24,3,11,0,0.4583,0,NULL,NULL,NULL
OXYBUTYNIN,42,5,8,0,0,0,0,NULL,NULL,NULL
ONDANSETRON,86,23,2,2,2,0.087,1,11.5,NULL,NULL
OSELTAMIVIR,26,11,2,0,1,0,0.5,NULL,NULL,NULL
OSELTAMIVIR PHOSPHATE,22,10,2,0,0,0,0,NULL,NULL,NULL
OSILODROSTAT,6,1,1,0,1,0,1,NULL,NULL,NULL
OSILODROSTAT PHOSPHATE,108,26,1,2,0,0.0769,0,NULL,NULL,NULL
MOXIFLOXACIN HYDROCHLORIDE,53,8,5,0,0,0,0,NULL,NULL,NULL
MYCOPHENOLIC ACID,134,33,1,0,0,0,0,NULL,NULL,NULL
NAPROXEN,108,35,2,4,0,0.1143,0,NULL,NULL,NULL
NEBIVOLOL,45,5,6,0,4,0,0.6667,NULL,NULL,NULL
NEMOLIZUMAB-ILTO,80,16,7,0,1,0,0.1429,NULL,NULL,NULL
NERANDOMILAST,227,2,18,0,3,0,0.1667,NULL,NULL,NULL
NETARSUDIL MESYLATE,33,2,5,0,0,0,0,NULL,NULL,NULL
NICOTINE,55,9,1,1,0,0.1111,0,NULL,NULL,NULL
NILOTINIB,105,24,1,0,1,0,1,NULL,NULL,NULL
NIRAPARIB,69,7,1,0,0,0,0,NULL,NULL,NULL
NIRMATRELVIR\RITONAVIR,184,14,23,0,2,0,0.087,NULL,NULL,NULL
NITROFURANTOIN,40,10,6,0,0,0,0,NULL,NULL,NULL
NITROGLYCERIN,29,1,2,0,0,0,0,NULL,NULL,NULL
NIVOLUMAB\RELATLIMAB-RMBW,31,3,2,1,0,0.3333,0,NULL,NULL,NULL
NOREPINEPHRINE,14,6,1,0,0,0,0,NULL,NULL,NULL
NOREPINEPHRINE BITARTRATE,23,6,1,2,0,0.3333,0,NULL,NULL,NULL
NYSTATIN,12,4,2,1,0,0.25,0,NULL,NULL,NULL
OBINUTUZUMAB,136,17,2,2,0,0.1176,0,NULL,NULL,NULL
OXYMETAZOLINE HYDROCHLORIDE,21,6,1,0,0,0,0,NULL,NULL,NULL
POLATUZUMAB VEDOTIN,75,6,1,1,0,0.1667,0,NULL,NULL,NULL
PALIPERIDONE PALMITATE,178,111,1,1,0,0.009,0,NULL,NULL,NULL
PANCRELIPASE AMYLASE\PANCRELIPASE LIPASE\PANCRELIPASE PROTEASE,804,58,34,0,9,0,0.2647,NULL,NULL,NULL
POLIDOCANOL,14,1,1,0,0,0,0,NULL,NULL,NULL
POLYETHYLENE GLYCOL 3350,140,11,22,0,0,0,0,NULL,NULL,NULL
POLYETHYLENE GLYCOL 4000,2,1,1,1,0,1,0,NULL,NULL,NULL
POLYETHYLENE GLYCOLS,4,1,2,1,1,1,0.5,0.5,NULL,NULL
PONATINIB,126,37,2,5,0,0.1351,0,NULL,NULL,NULL
POSACONAZOLE,93,21,1,3,1,0.1429,1,7,NULL,NULL
POTASSIUM CHLORIDE,29,6,8,3,0,0.5,0,NULL,NULL,NULL
PRAVASTATIN,54,1,5,0,1,0,0.2,NULL,NULL,NULL
PRAVASTATIN SODIUM,42,2,5,0,0,0,0,NULL,NULL,NULL
PANTOPRAZOLE MAGNESIUM,5,1,1,1,1,1,1,1,NULL,NULL
PANTOPRAZOLE SODIUM,82,19,3,8,0,0.4211,0,NULL,NULL,NULL
PAROXETINE,142,65,7,8,0,0.1231,0,NULL,NULL,NULL
PAROXETINE HYDROCHLORIDE,16,8,1,2,0,0.25,0,NULL,NULL,NULL
PATIROMER,35,2,9,0,7,0,0.7778,NULL,NULL,NULL
PAZOPANIB HYDROCHLORIDE,21,7,1,2,1,0.2857,1,3.5,NULL,NULL
PEGFILGRASTIM,329,34,9,0,0,0,0,NULL,NULL,NULL
PEGLOTICASE,27,5,1,1,0,0.2,0,NULL,NULL,NULL
PERAMIVIR,7,1,2,0,2,0,1,NULL,NULL,NULL
PERFLUOROHEXYLOCTANE,108,3,14,0,8,0,0.5714,NULL,NULL,NULL
PERFLUTREN,295,51,19,0,0,0,0,NULL,NULL,NULL
PERINDOPRIL,16,3,3,0,0,0,0,NULL,NULL,NULL
PERTUZUMAB,126,24,1,2,0,0.0833,0,NULL,NULL,NULL
PHENYTOIN,42,14,1,0,0,0,0,NULL,NULL,NULL
PHENYTOIN SODIUM,6,4,1,0,0,0,0,NULL,NULL,NULL
PIMAVANSERIN TARTRATE,1174,3,169,0,85,0,0.503,NULL,NULL,NULL
PIPERACILLIN SODIUM\TAZOBACTAM SODIUM,152,39,10,0,3,0,0.3,NULL,NULL,NULL
CANNABIDIOL,50,36,1,17,0,0.4722,0,NULL,NULL,NULL
CIPROFLOXACIN HYDROCHLORIDE,49,10,5,0,2,0,0.4,NULL,NULL,NULL
CIPROFLOXACIN HYDROCHLORIDE\DEXAMETHASONE,3,1,1,0,0,0,0,NULL,NULL,NULL
CETIRIZINE HYDROCHLORIDE,206,88,6,8,0,0.0909,0,NULL,NULL,NULL
CETUXIMAB,204,16,3,1,0,0.0625,0,NULL,NULL,NULL
CILASTATIN SODIUM\IMIPENEM,23,4,2,0,0,0,0,NULL,NULL,NULL
CILTACABTAGENE AUTOLEUCEL,180,3,1,2,0,0.6667,0,NULL,NULL,NULL
CITALOPRAM HYDROBROMIDE,24,9,2,1,0,0.1111,0,NULL,NULL,NULL
CLARITHROMYCIN,110,35,3,1,0,0.0286,0,NULL,NULL,NULL
CLINDAMYCIN,55,11,4,0,0,0,0,NULL,NULL,NULL
CLINDAMYCIN HYDROCHLORIDE,34,4,2,0,0,0,0,NULL,NULL,NULL
CLINDAMYCIN PHOSPHATE,23,8,2,0,0,0,0,NULL,NULL,NULL
CLOBETASOL PROPIONATE,15,2,1,0,0,0,0,NULL,NULL,NULL
CLOFAZIMINE,23,1,1,0,0,0,0,NULL,NULL,NULL
CARBOXYMETHYLCELLULOSE SODIUM,10,1,1,0,0,0,0,NULL,NULL,NULL
CARFILZOMIB,82,7,1,3,0,0.4286,0,NULL,NULL,NULL
CARISOPRODOL,3,1,1,1,0,1,0,NULL,NULL,NULL
CEDAZURIDINE\DECITABINE,46,1,3,0,0,0,0,NULL,NULL,NULL
CEFAZOLIN,22,2,3,0,2,0,0.6667,NULL,NULL,NULL
CEFIDEROCOL,25,6,1,3,0,0.5,0,NULL,NULL,NULL
CEFTRIAXONE,50,14,5,0,1,0,0.2,NULL,NULL,NULL
CEFTRIAXONE SODIUM,35,10,1,2,0,0.2,0,NULL,NULL,NULL
CEFUROXIME AXETIL,16,6,1,0,0,0,0,NULL,NULL,NULL
CELECOXIB,63,22,4,8,0,0.3636,0,NULL,NULL,NULL
CENEGERMIN-BKBJ,17,1,4,0,3,0,0.75,NULL,NULL,NULL
CENOBAMATE,39,15,1,0,0,0,0,NULL,NULL,NULL
CEPHALEXIN,93,31,6,0,0,0,0,NULL,NULL,NULL
CALCIUM CHLORIDE\ICODEXTRIN\MAGNESIUM CHLORIDE\SODIUM CHLORIDE\SODIUM LACTATE,42,1,2,0,0,0,0,NULL,NULL,NULL
CANAGLIFLOZIN,28,1,3,0,0,0,0,NULL,NULL,NULL
CANDESARTAN,16,6,3,0,0,0,0,NULL,NULL,NULL
CAPLACIZUMAB-YHDP,40,16,1,1,1,0.0625,1,16,NULL,NULL
CAPSAICIN,120,6,1,0,0,0,0,NULL,NULL,NULL
CARBAMAZEPINE,236,79,6,9,0,0.1139,0,NULL,NULL,NULL
AXITINIB,105,1,3,1,2,1,0.6667,0.67,NULL,NULL
AZACITIDINE,235,15,2,7,2,0.4667,1,2.14,NULL,NULL
AZELASTINE HYDROCHLORIDE,28,4,5,0,0,0,0,NULL,NULL,NULL
AZITHROMYCIN,204,49,8,1,0,0.0204,0,NULL,NULL,NULL
BETAMETHASONE DIPROPIONATE,35,9,2,0,0,0,0,NULL,NULL,NULL
BETAMETHASONE DIPROPIONATE\BETAMETHASONE SODIUM PHOSPHATE,13,1,1,0,0,0,0,NULL,NULL,NULL
BETAMETHASONE DIPROPIONATE\CALCIPOTRIENE HYDRATE,5,1,1,0,0,0,0,NULL,NULL,NULL
BEVACIZUMAB-ADCD,22,2,1,0,0,0,0,NULL,NULL,NULL
BIMATOPROST,27,1,3,0,0,0,0,NULL,NULL,NULL
BIMEKIZUMAB,557,182,2,0,0,0,0,NULL,NULL,NULL
BIMEKIZUMAB-BKZX,1406,553,1,0,0,0,0,NULL,NULL,NULL
BINIMETINIB,28,4,1,0,1,0,1,NULL,NULL,NULL
BISOPROLOL,77,14,13,0,0,0,0,NULL,NULL,NULL
BORTEZOMIB,486,18,25,0,15,0,0.6,NULL,NULL,NULL
BOSENTAN,37,5,3,1,0,0.2,0,NULL,NULL,NULL
BRENSOCATIB,139,5,16,0,1,0,0.0625,NULL,NULL,NULL
BRENTUXIMAB VEDOTIN,139,57,1,12,1,0.2105,1,4.75,NULL,NULL
BREXPIPRAZOLE,151,16,47,0,32,0,0.6809,NULL,NULL,NULL
BRIGATINIB,106,17,1,3,0,0.1765,0,NULL,NULL,NULL
BRIMONIDINE TARTRATE,28,3,1,0,0,0,0,NULL,NULL,NULL
BRINZOLAMIDE,9,3,1,0,0,0,0,NULL,NULL,NULL
BRIVARACETAM,138,50,3,1,0,0.02,0,NULL,NULL,NULL
BRODALUMAB,63,16,1,0,0,0,0,NULL,NULL,NULL
BROLUCIZUMAB-DBLL,22,1,2,0,0,0,0,NULL,NULL,NULL
BUDESONIDE,342,114,7,3,0,0.0263,0,NULL,NULL,NULL
BUDESONIDE\FORMOTEROL,28,3,3,0,1,0,0.3333,NULL,NULL,NULL
BUDESONIDE\FORMOTEROL FUMARATE,56,5,5,0,0,0,0,NULL,NULL,NULL
BUDESONIDE\FORMOTEROL FUMARATE DIHYDRATE,127,25,6,1,0,0.04,0,NULL,NULL,NULL
BUDESONIDE\FORMOTEROL\GLYCOPYRROLATE,130,2,14,0,0,0,0,NULL,NULL,NULL
BUDESONIDE\FORMOTEROL\GLYCOPYRRONIUM,131,1,15,0,13,0,0.8667,NULL,NULL,NULL
BUPIVACAINE HYDROCHLORIDE,28,10,1,0,0,0,0,NULL,NULL,NULL
BUPRENORPHINE,225,120,5,39,0,0.325,0,NULL,NULL,NULL
CABOTEGRAVIR\RILPIVIRINE,157,82,1,3,0,0.0366,0,NULL,NULL,NULL
CABOZANTINIB S-MALATE,1118,103,24,7,0,0.068,0,NULL,NULL,NULL
CALCIFEDIOL,32,1,6,1,3,1,0.5,0.5,NULL,NULL
ABALOPARATIDE,6296,65,218,0,2,0,0.0092,NULL,NULL,NULL
ABROCITINIB,70,23,2,0,0,0,0,NULL,NULL,NULL
ACALABRUTINIB,205,2,41,0,14,0,0.3415,NULL,NULL,NULL
ACARBOSE,32,5,1,0,0,0,0,NULL,NULL,NULL
ACECLIDINE HYDROCHLORIDE,106,9,2,0,0,0,0,NULL,NULL,NULL
ACETAMINOPHEN\CODEINE PHOSPHATE,12,6,2,3,2,0.5,1,2,NULL,NULL
ACETAMINOPHEN\DIPHENHYDRAMINE HYDROCHLORIDE,20,11,1,10,1,0.9091,1,1.1,NULL,NULL
ACETAMINOPHEN\HYDROCODONE,30,2,2,2,2,1,1,1,NULL,NULL
ACETAMINOPHEN\HYDROCODONE BITARTRATE,91,11,6,9,6,0.8182,1,1.22,NULL,NULL
ACETAMINOPHEN\IBUPROFEN,4,2,1,0,0,0,0,NULL,NULL,NULL
ACITRETIN,7,2,1,0,0,0,0,NULL,NULL,NULL
ACOLTREMON,1166,52,82,0,0,0,0,NULL,NULL,NULL
AFLIBERCEPT,124,3,22,0,1,0,0.0455,NULL,NULL,NULL
ALBUMIN HUMAN,65,5,6,0,0,0,0,NULL,NULL,NULL
ALBUTEROL SULFATE,491,78,29,0,0,0,0,NULL,NULL,NULL
ALBUTEROL SULFATE\BUDESONIDE,19,6,3,0,1,0,0.3333,NULL,NULL,NULL
ALBUTEROL SULFATE\IPRATROPIUM BROMIDE,9,4,1,0,0,0,0,NULL,NULL,NULL
ALBUTEROL\BUDESONIDE,5,1,1,0,1,0,1,NULL,NULL,NULL
ALECTINIB HYDROCHLORIDE,59,4,5,0,2,0,0.4,NULL,NULL,NULL
ALENDRONATE SODIUM,61,16,8,14,0,0.875,0,NULL,NULL,NULL
ALENDRONIC ACID,64,7,3,6,0,0.8571,0,NULL,NULL,NULL
ALIROCUMAB,110,2,4,0,0,0,0,NULL,NULL,NULL
ALLOPURINOL,145,15,21,0,2,0,0.0952,NULL,NULL,NULL
ALOGLIPTIN BENZOATE,6,1,2,0,0,0,0,NULL,NULL,NULL
ALPROSTADIL,5,1,2,0,0,0,0,NULL,NULL,NULL
ALTEPLASE,75,9,4,0,0,0,0,NULL,NULL,NULL
AMIFAMPRIDINE PHOSPHATE,284,38,17,0,2,0,0.1176,NULL,NULL,NULL
AMINO ACIDS\DEXTROSE\ELECTROLYTES NOS\SOYBEAN OIL,8,1,1,0,1,0,1,NULL,NULL,NULL
ADALIMUMAB-AATY,202,51,4,0,2,0,0.5,NULL,NULL,NULL
ADALIMUMAB-ADAZ,168,66,1,11,0,0.1667,0,NULL,NULL,NULL
ADALIMUMAB-AFZB,173,58,1,0,0,0,0,NULL,NULL,NULL
ADALIMUMAB-BWWD,124,36,1,0,0,0,0,NULL,NULL,NULL
AMIODARONE HYDROCHLORIDE,32,5,2,0,1,0,0.5,NULL,NULL,NULL
AMIVANTAMAB-VMJW,130,6,2,2,0,0.3333,0,NULL,NULL,NULL
APOMORPHINE HYDROCHLORIDE,233,1,13,0,2,0,0.1538,NULL,NULL,NULL
ARIPIPRAZOLE,506,298,5,14,0,0.047,0,NULL,NULL,NULL
ASCIMINIB HYDROCHLORIDE,53,12,2,2,2,0.1667,1,6,NULL,NULL
ASCORBIC ACID,5,1,1,0,0,0,0,NULL,NULL,NULL
ASFOTASE ALFA,148,49,2,0,0,0,0,NULL,NULL,NULL
AMOXICILLIN\CLARITHROMYCIN\VONOPRAZAN FUMARATE,15,1,1,0,0,0,0,NULL,NULL,NULL
AMOXICILLIN\CLAVULANATE POTASSIUM,91,14,9,0,0,0,0,NULL,NULL,NULL
AMOXICILLIN\CLAVULANIC ACID,111,28,10,0,1,0,0.1,NULL,NULL,NULL
AMPHETAMINE ASPARTATE\AMPHETAMINE SULFATE\DEXTROAMPHETAMINE SACCHARATE\DEXTROAMPHETAMINE SULFATE,239,173,2,27,0,0.1561,0,NULL,NULL,NULL
AMPICILLIN,6,2,1,0,0,0,0,NULL,NULL,NULL
AMPICILLIN SODIUM\SULBACTAM SODIUM,18,6,1,0,0,0,0,NULL,NULL,NULL
ANIFROLUMAB,60,29,1,0,1,0,1,NULL,NULL,NULL
APADAMTASE ALFA,5,4,1,0,1,0,1,NULL,NULL,NULL
ATENOLOL,22,4,4,0,0,0,0,NULL,NULL,NULL
ATORVASTATIN,837,24,52,0,1,0,0.0192,NULL,NULL,NULL
ATORVASTATIN CALCIUM,175,6,10,0,1,0,0.1,NULL,NULL,NULL
AVALGLUCOSIDASE ALFA,10,5,1,1,0,0.2,0,NULL,NULL,NULL
AVALGLUCOSIDASE ALFA-NGPT,40,16,1,2,0,0.125,0,NULL,NULL,NULL
AVAPRITINIB,624,104,9,2,0,0.0192,0,NULL,NULL,NULL
AVATROMBOPAG,14,5,1,0,0,0,0,NULL,NULL,NULL
AVATROMBOPAG MALEATE,98,10,6,0,0,0,0,NULL,NULL,NULL
BACLOFEN,117,16,3,0,3,0,1,NULL,NULL,NULL
BALOXAVIR MARBOXIL,35,16,2,1,0,0.0625,0,NULL,NULL,NULL
BARICITINIB,50,8,1,0,0,0,0,NULL,NULL,NULL
BECLOMETHASONE DIPROPIONATE,13,1,2,0,0,0,0,NULL,NULL,NULL
BEDAQUILINE FUMARATE,8,4,2,0,0,0,0,NULL,NULL,NULL
BELIMUMAB,292,127,2,0,0,0,0,NULL,NULL,NULL
BEMPEDOIC ACID,40,6,2,0,0,0,0,NULL,NULL,NULL
BENDAMUSTINE HYDROCHLORIDE,27,1,1,0,0,0,0,NULL,NULL,NULL
GADOTERATE MEGLUMINE,70,26,1,0,0,0,0,NULL,NULL,NULL
GEFITINIB,15,2,2,0,1,0,0.5,NULL,NULL,NULL
GEMCITABINE,242,14,4,3,0,0.2143,0,NULL,NULL,NULL
GEMFIBROZIL,4,3,1,1,0,0.3333,0,NULL,NULL,NULL
GENTAMICIN,4,1,2,0,0,0,0,NULL,NULL,NULL
GILTERITINIB,105,22,1,4,0,0.1818,0,NULL,NULL,NULL
GLATIRAMER ACETATE,168,56,2,1,0,0.0179,0,NULL,NULL,NULL
GLECAPREVIR\PIBRENTASVIR,37,8,3,1,0,0.125,0,NULL,NULL,NULL
GLIMEPIRIDE,16,1,1,1,0,1,0,NULL,NULL,NULL
ETOPOSIDE,199,73,1,7,0,0.0959,0,NULL,NULL,NULL
FREMANEZUMAB-VFRM,197,81,3,0,1,0,0.3333,NULL,NULL,NULL
FERRIC CARBOXYMALTOSE,90,52,6,1,0,0.0192,0,NULL,NULL,NULL
FERRIC DERISOMALTOSE,39,23,4,0,0,0,0,NULL,NULL,NULL
FEXOFENADINE HYDROCHLORIDE,83,31,7,0,0,0,0,NULL,NULL,NULL
FEZOLINETANT,128,3,2,0,0,0,0,NULL,NULL,NULL
FIDAXOMICIN,13,1,3,0,0,0,0,NULL,NULL,NULL
FILGRASTIM,101,33,1,9,1,0.2727,1,3.67,NULL,NULL
FINASTERIDE,466,198,15,6,0,0.0303,0,NULL,NULL,NULL
FINERENONE,77,2,4,0,0,0,0,NULL,NULL,NULL
FLECAINIDE,17,6,1,3,0,0.5,0,NULL,NULL,NULL
FLUCONAZOLE,159,65,7,3,0,0.0462,0,NULL,NULL,NULL
FLUOROURACIL,337,43,9,5,0,0.1163,0,NULL,NULL,NULL
FLUTEMETAMOL F-18,56,1,2,0,0,0,0,NULL,NULL,NULL
FLUTICASONE FUROATE,34,7,2,0,0,0,0,NULL,NULL,NULL
FLUTICASONE FUROATE\UMECLIDINIUM BROMIDE\VILANTEROL TRIFENATATE,197,6,22,0,0,0,0,NULL,NULL,NULL
FLUTICASONE FUROATE\VILANTEROL TRIFENATATE,47,6,4,0,0,0,0,NULL,NULL,NULL
FLUTICASONE PROPIONATE,61,12,1,2,0,0.1667,0,NULL,NULL,NULL
FLUTICASONE PROPIONATE\SALMETEROL XINAFOATE,198,12,19,2,0,0.1667,0,NULL,NULL,NULL
FLUVOXAMINE MALEATE,20,12,1,0,0,0,0,NULL,NULL,NULL
FONDAPARINUX SODIUM,13,2,2,1,0,0.5,0,NULL,NULL,NULL
FORMOTEROL FUMARATE DIHYDRATE\MOMETASONE FUROATE,4,2,2,0,0,0,0,NULL,NULL,NULL
FOSCARBIDOPA\FOSLEVODOPA,1195,12,45,0,18,0,0.4,NULL,NULL,NULL
FOSFOMYCIN,8,2,2,0,0,0,0,NULL,NULL,NULL
FOSTAMATINIB,69,7,14,0,9,0,0.6429,NULL,NULL,NULL
EMPAGLIFLOZIN\METFORMIN HYDROCHLORIDE,36,2,2,0,1,0,0.5,NULL,NULL,NULL
ENALAPRIL,19,5,4,1,0,0.2,0,NULL,NULL,NULL
ENASIDENIB MESYLATE,48,1,3,1,0,1,0,NULL,NULL,NULL
ENFORTUMAB VEDOTIN,74,2,5,0,3,0,0.6,NULL,NULL,NULL
ENFORTUMAB VEDOTIN-EJFV,313,7,15,0,3,0,0.2,NULL,NULL,NULL
ENOXAPARIN,4,1,1,1,0,1,0,NULL,NULL,NULL
ENOXAPARIN SODIUM,209,51,11,0,0,0,0,NULL,NULL,NULL
EPINEPHRINE,89,39,6,4,0,0.1026,0,NULL,NULL,NULL
EPLERENONE,26,5,1,0,0,0,0,NULL,NULL,NULL
EPLONTERSEN SODIUM,20,1,2,0,2,0,1,NULL,NULL,NULL
ERTAPENEM,53,6,9,0,1,0,0.1111,NULL,NULL,NULL
ERTAPENEM SODIUM,17,5,2,0,0,0,0,NULL,NULL,NULL
ERYTHROMYCIN,25,12,2,0,0,0,0,NULL,NULL,NULL
EXEMESTANE,49,6,1,0,0,0,0,NULL,NULL,NULL
EZETIMIBE,436,15,5,0,0,0,0,NULL,NULL,NULL
FAM-TRASTUZUMAB DERUXTECAN-NXKI,413,53,2,16,0,0.3019,0,NULL,NULL,NULL
FAMOTIDINE,90,19,6,0,3,0,0.5,NULL,NULL,NULL
FARICIMAB,24,1,11,0,1,0,0.0909,NULL,NULL,NULL
FARICIMAB-SVOA,251,1,53,0,18,0,0.3396,NULL,NULL,NULL
FEBUXOSTAT,15,2,2,0,0,0,0,NULL,NULL,NULL
ESKETAMINE,654,312,3,4,0,0.0128,0,NULL,NULL,NULL
EBASTINE,6,2,1,0,0,0,0,NULL,NULL,NULL
ESOMEPRAZOLE MAGNESIUM,63,12,3,0,1,0,0.3333,NULL,NULL,NULL
ESTRADIOL,315,46,8,2,0,0.0435,0,NULL,NULL,NULL
"ESTROGENS, CONJUGATED",81,6,6,0,0,0,0,NULL,NULL,NULL
DARATUMUMAB,258,17,10,0,2,0,0.2,NULL,NULL,NULL
DAPRODUSTAT,35,2,11,0,2,0,0.1818,NULL,NULL,NULL
DEFERASIROX,18,6,1,0,0,0,0,NULL,NULL,NULL
DARIDOREXANT,64,20,2,1,0,0.05,0,NULL,NULL,NULL
DAROLUTAMIDE,156,1,16,0,0,0,0,NULL,NULL,NULL
DEXAMETHASONE\TOBRAMYCIN,16,8,1,0,0,0,0,NULL,NULL,NULL
DEXLANSOPRAZOLE,59,2,6,0,2,0,0.3333,NULL,NULL,NULL
DEXTROMETHORPHAN HYDROBROMIDE,15,3,1,3,0,1,0,NULL,NULL,NULL
DEXTROMETHORPHAN HYDROBROMIDE\GUAIFENESIN,24,2,2,0,0,0,0,NULL,NULL,NULL
DEXTROMETHORPHAN HYDROBROMIDE\QUINIDINE SULFATE,39,1,3,1,3,1,1,1,NULL,NULL
DEXTROSE MONOHYDRATE,22,4,1,0,0,0,0,NULL,NULL,NULL
DIAZEPAM,139,75,1,13,1,0.1733,1,5.77,NULL,NULL
DALBAVANCIN,11,3,3,0,0,0,0,NULL,NULL,NULL
DALBAVANCIN HYDROCHLORIDE,9,2,1,0,1,0,1,NULL,NULL,NULL
DALFAMPRIDINE,66,10,4,0,1,0,0.25,NULL,NULL,NULL
DANICOPAN,9,2,1,0,0,0,0,NULL,NULL,NULL
CYCLOSPORINE,624,142,22,9,0,0.0634,0,NULL,NULL,NULL
DABIGATRAN,32,4,9,0,0,0,0,NULL,NULL,NULL
COAGULATION FACTOR VIIA RECOMBINANT HUMAN,13,4,2,0,1,0,0.5,NULL,NULL,NULL
CODEINE,13,3,2,0,0,0,0,NULL,NULL,NULL
CLONIDINE,59,10,7,5,0,0.5,0,NULL,NULL,NULL
CLONIDINE HYDROCHLORIDE,22,6,2,5,0,0.8333,0,NULL,NULL,NULL
CLOPIDOGREL BISULFATE,297,12,37,0,1,0,0.027,NULL,NULL,NULL
COLLAGENASE CLOSTRIDIUM HISTOLYTICUM,82,2,13,0,7,0,0.5385,NULL,NULL,NULL
CORTICOTROPIN,1116,206,17,0,1,0,0.0588,NULL,NULL,NULL
CRIZOTINIB,99,17,1,7,0,0.4118,0,NULL,NULL,NULL
CROVALIMAB-AKKZ,12,2,1,0,0,0,0,NULL,NULL,NULL
DESLORATADINE,8,4,2,0,0,0,0,NULL,NULL,NULL
DEUCRAVACITINIB,50,8,2,0,1,0,0.5,NULL,NULL,NULL
DICLOFENAC DIETHYLAMINE,5,3,1,3,1,1,1,1,NULL,NULL
DICLOFENAC POTASSIUM,30,22,1,19,0,0.8636,0,NULL,NULL,NULL
DICLOFENAC SODIUM,189,77,7,47,0,0.6104,0,NULL,NULL,NULL
EDARAVONE,35,1,2,1,2,1,1,1,NULL,NULL
EDOXABAN,21,1,5,0,2,0,0.4,NULL,NULL,NULL
EDOXABAN TOSYLATE,68,1,22,0,2,0,0.0909,NULL,NULL,NULL
EFANESOCTOCOG ALFA,156,109,3,0,0,0,0,NULL,NULL,NULL
EFINACONAZOLE,10,2,2,0,0,0,0,NULL,NULL,NULL
ELIGLUSTAT,60,27,1,0,0,0,0,NULL,NULL,NULL
ELRANATAMAB-BCMM,131,2,7,1,0,0.5,0,NULL,NULL,NULL
ELTROMBOPAG OLAMINE,28,7,5,0,2,0,0.4,NULL,NULL,NULL
EMICIZUMAB,17,7,1,1,1,0.1429,1,7,NULL,NULL
DILTIAZEM,89,1,6,0,5,0,0.8333,NULL,NULL,NULL
DIMETHICONE\LOPERAMIDE HYDROCHLORIDE,19,1,4,0,0,0,0,NULL,NULL,NULL
DIPHENHYDRAMINE,62,32,1,25,1,0.7813,1,1.28,NULL,NULL
DIPHENHYDRAMINE CITRATE\IBUPROFEN,3,1,1,0,0,0,0,NULL,NULL,NULL
DIPHENHYDRAMINE HYDROCHLORIDE,93,49,1,42,1,0.8571,1,1.17,NULL,NULL
DIROXIMEL FUMARATE,335,50,1,1,1,0.02,1,50,NULL,NULL
DOCETAXEL,268,29,1,1,0,0.0345,0,NULL,NULL,NULL
DONEPEZIL,57,6,14,0,0,0,0,NULL,NULL,NULL
DONEPEZIL HYDROCHLORIDE,43,4,3,0,0,0,0,NULL,NULL,NULL
DONIDALORSEN,138,56,1,0,0,0,0,NULL,NULL,NULL
DONOR HUMAN STOOL SPORES (ETHANOL TREATED),63,7,9,0,0,0,0,NULL,NULL,NULL
DORZOLAMIDE HYDROCHLORIDE,23,2,4,0,0,0,0,NULL,NULL,NULL
DORZOLAMIDE HYDROCHLORIDE\TIMOLOL MALEATE,29,1,6,0,0,0,0,NULL,NULL,NULL
DOSTARLIMAB,15,1,1,0,0,0,0,NULL,NULL,NULL
DOXAZOSIN MESYLATE,51,5,3,0,0,0,0,NULL,NULL,NULL
DOXEPIN HYDROCHLORIDE,7,4,1,4,0,1,0,NULL,NULL,NULL
DOXYCYCLINE,242,69,9,5,0,0.0725,0,NULL,NULL,NULL
DRONEDARONE,78,1,15,0,2,0,0.1333,NULL,NULL,NULL
DROXIDOPA,25,2,3,0,0,0,0,NULL,NULL,NULL
DULAGLUTIDE,1208,151,15,2,0,0.0132,0,NULL,NULL,NULL
